{"score": 0.9258064516129032, "thetas": [[[-112.24465411521518, 0.35064561268319944, -3.0699631879489973, -89.99332533741057, -339.9808310834075, 66.93979797489102, -57.063028509717014, -277.9742536035625, -0.48639959475540817, 58.170879338842695, -4.575712072373264, -112.07084517463784, -174.17452266858845], [6.125556433888481, 25.35830099820469, 13.186666337992008, 25.888670375947665, -67.69696805501025, 5.007910394073135, -100.25384470680264, 89.95294645055617, 4.48397519111768, 72.21755785289609, -1.054728961003701, 63.516146836163124, -52.41072046712769], [-275.8753165316055, 39.95204552591288, -12.18839736806009, -128.32743903546663, 180.51798014929892, -8.332791439492619, -45.35054761090129, -53.028100626576624, 159.5128796155503, -115.58632161708508, -1.4036151474151726, 3.9208275780956447, -1.2342335507036004], [4.052845962710729, 220.60331200051522, -86.82393670035346, -145.9688573700332, -56.81125329669697, -0.7397599960579522, -148.50675722726464, -549.5993970440833, -1.1491021747321588, 6.80955522635366, 28.67591943097316, 274.58925404035347, 23.422990751040487], [272.6266139028247, 94.82195036867877, 116.71714891362578, 140.25820976491414, -184.18272693979628, 49.34725729992913, -13.768035683698647, 116.41127283733641, 1.2474491931195237, 245.9939965824453, 11.94016386126793, 114.21970721934736, -45.59957851027885], [-21.003822801741748, -65.26212274083849, -28.591362322939847, -119.49192216559872, -446.58872984184217, 3.1319500232835757, 47.13074522135693, -273.7274775979453, 9.919882963247945, 164.52017465906115, -55.11462407019539, 76.94799809307025, -99.51819255292193], [109.02099701711117, 25.422258123802944, 256.2205813060546, 73.61098920915377, -203.70308919709143, 210.26200470429959, -215.04458749472366, 65.16481840121374, 449.4596852879372, -23.908415630015035, 238.3134872347727, -5.612204213649674, -273.00697179652445]], [[2.7898630175778263, 1.9759130977202886, -11.483486858116846], [13.313056075236192, -10.085113785485868, -6.780794261061859], [-2.2440586196795116, -6.231874520725456, 6.2889362537435325], [-5.201830504161709, 3.7906578993811073, -4.557344400886885], [-14.150944109328957, 8.772082772442008, 9.738724974328045], [-6.379071873726922, 1.4800473319681957, 6.24000607057836], [-15.960286597089677, 12.301853561079545, -7.2770328120184775], [-9.050901281279607, -7.996222159128486, 14.430191797770085], [3.60197077640876, -1.3135089186908855, -3.4780042356752086], [-6.4201270855788675, 6.106975773524339, 2.773003335334306], [12.353681285755709, 0.2223419922289977, -13.704949818333702], [-5.203750225671918, 3.707698568449073, -4.567841455714673], [0.7132848442809059, -4.632842185642453, -3.3136904767941946], [8.496660903763791, -8.132084630358095, -7.48477352483611]]]}