{"score": 0.9322580645161291, "thetas": [[[-42.4678760707571, -110.17404688808901, 57.73628483302971, -20.362905699673956, 13.761382326550445, 51.46504459630664, 66.43628685480712, -13.45978604436538, 89.38648818071441, -0.08848355086885698, -44.642940445506795, 33.04243270694616, 35.88170265997168], [18.929700675534743, -23.27486304364258, 11.842327395457263, 41.810447454946456, -8.441062504673129, 75.73452066896039, 13.663282224142055, 5.232269171735277, 54.66523426391978, -2.581318206917251, 7.142876716742292, 4.404393986414785, 63.488967800088545], [-24.137482215029674, -16.280776177489667, 1.4916436573781642, 29.79122752126423, -2.274344127212647, -125.8265569181405, 1.6968415515687143, -62.01187924935955, 12.117795405417272, 12.593305329256575, -113.78302779183763, 0.22910770738415612, 178.19180680738467], [7.265189014398795, -47.00016293356628, 11.501889710552947, 0.4528190371155036, -91.3265344360942, 22.3354243910318, 13.185265601583106, 208.20342687880907, -58.11071830989673, 62.55776481345304, 42.5805666470655, 7.092321718874647, 71.47633606207462], [41.50645279087011, -15.426170056805498, 12.510816267218386, 39.65557568186012, -6.9143036754274245, 201.4541199125808, 15.198485349081496, 46.70088798106404, 52.504517547459955, -10.050956224679116, 71.47199003308071, 5.398319386049144, -33.687861566134174], [-62.71846445122543, 2.110752093784927, 7.333224210148535, -105.28688150758204, 10.348984281248606, 142.66807599102358, 8.6149031546637, 7.0815040795416655, 95.43297167904097, -2.593606501922694, 99.76055318356475, 4.857409144148302, -32.987532633751194], [145.15906682162057, -186.9325234591681, 216.14025383717217, -26.724847524039816, 196.7069476934382, -20.01349965734476, 248.45733973853999, -257.23843827933837, 107.94415721842212, -191.19345378362434, -67.81693050163413, 120.84696187988213, 61.616173940551285]], [[-0.7635782647971352, -0.8676716373925158, -0.650858789907407], [-0.7554534749387559, 1.657019238043501, -1.3726761254570232], [-0.8357987843052834, -2.20001200004395, 1.4510800775767978], [-1.773187320013204, 1.2147577051886584, -1.3398399359048294], [-1.8478649236211344, 1.2058541655795758, 0.9118048291658025], [-1.2386077755957223, 0.5015036386812087, 0.7932262072616849], [1.5174123386226677, -0.32911008139329573, -1.8929701808941115], [-1.7731847628742963, 1.214849377379145, -1.3399251921101045], [1.8763993515949933, -0.3298501413053592, -1.836637872691198], [1.6790876895681792, 0.23037454064235163, -1.8161515074565981], [0.4812810774623799, -2.334142282928741, 0.31543974104747796], [1.0578742330425275, -0.4164852985218322, -1.2117079769371866], [-1.7726921886571452, 1.2080116845241606, -1.3348179899997648], [-2.21682154109349, 0.8430334981950641, 1.7777797641131854]]]}